{
	"台湾": [
		121.509062,
		25.044332
	],
	"东城区": [
		116.418757,
		39.917544
	],
	"西城区": [
		116.366794,
		39.915309
	],
	"朝阳区": [
		116.486409,
		39.921489
	],
	"丰台区": [
		116.286968,
		39.863642
	],
	"石景山区": [
		116.195445,
		39.914601
	],
	"海淀区": [
		116.310316,
		39.956074
	],
	"门头沟区": [
		116.105381,
		39.937183
	],
	"房山区": [
		116.139157,
		39.735535
	],
	"通州区": [
		116.658603,
		39.902486
	],
	"顺义区": [
		116.653525,
		40.128936
	],
	"昌平区": [
		116.235906,
		40.218085
	],
	"大兴区": [
		116.338033,
		39.728908
	],
	"怀柔区": [
		116.637122,
		40.324272
	],
	"平谷区": [
		117.112335,
		40.144783
	],
	"密云区": [
		116.843352,
		40.377362
	],
	"延庆区": [
		115.985006,
		40.465325
	],
	"河北": [
		114.502461,
		38.045474
	],
	"山西": [
		112.549248,
		37.857014
	],
	"内蒙古": [
		111.670801,
		40.818311
	],
	"辽宁": [
		123.429096,
		41.796767
	],
	"吉林": [
		126.55302,
		43.843577
	],
	"黑龙江": [
		126.642464,
		45.756967
	],
	"江苏": [
		118.767413,
		32.041544
	],
	"浙江": [
		120.153576,
		30.287459
	],
	"安徽": [
		117.283042,
		31.86119
	],
	"福建": [
		119.306239,
		26.075302
	],
	"江西": [
		115.892151,
		28.676493
	],
	"山东": [
		117.000923,
		36.675807
	],
	"河南": [
		113.665412,
		34.757975
	],
	"湖北": [
		114.298572,
		30.584355
	],
	"湖南": [
		112.982279,
		28.19409
	],
	"广东": [
		113.280637,
		23.125178
	],
	"广西": [
		108.320004,
		22.82402
	],
	"海南": [
		100.619542,
		36.280353
	],
	"四川": [
		104.065735,
		30.659462
	],
	"贵州": [
		106.713478,
		26.578343
	],
	"云南": [
		102.712251,
		25.040609
	],
	"西藏": [
		91.132212,
		29.660361
	],
	"陕西": [
		108.948024,
		34.263161
	],
	"甘肃": [
		103.823557,
		36.058039
	],
	"青海": [
		101.778916,
		36.623178
	],
	"宁夏": [
		106.278179,
		38.46637
	],
	"新疆": [
		87.617733,
		43.792818
	],
	"北京": [
		116.405285,
		39.904989
	],
	"天津": [
		117.190182,
		39.125596
	],
	"上海": [
		121.472644,
		31.231706
	],
	"重庆": [
		106.504962,
		29.533155
	],
	"香港": [
		114.173355,
		22.320048
	],
	"澳门": [
		113.54909,
		22.198951
	],
	"合肥": [
		117.283042,
		31.86119
	],
	"芜湖": [
		118.376451,
		31.326319
	],
	"蚌埠": [
		117.363228,
		32.939667
	],
	"淮南": [
		117.018329,
		32.647574
	],
	"马鞍山": [
		118.507906,
		31.689362
	],
	"淮北": [
		116.794664,
		33.971707
	],
	"铜陵": [
		117.816576,
		30.929935
	],
	"安庆": [
		117.043551,
		30.50883
	],
	"黄山": [
		118.317325,
		29.709239
	],
	"滁州": [
		118.316264,
		32.303627
	],
	"阜阳": [
		115.819729,
		32.896969
	],
	"宿州": [
		116.984084,
		33.633891
	],
	"六安": [
		116.507676,
		31.752889
	],
	"亳州": [
		115.782939,
		33.869338
	],
	"池州": [
		117.489157,
		30.656037
	],
	"宣城": [
		118.757995,
		30.945667
	],
	"福州": [
		119.306239,
		26.075302
	],
	"厦门": [
		118.11022,
		24.490474
	],
	"莆田": [
		119.007558,
		25.431011
	],
	"三明": [
		117.635001,
		26.265444
	],
	"泉州": [
		118.589421,
		24.908853
	],
	"漳州": [
		117.661801,
		24.510897
	],
	"南平": [
		118.178459,
		26.635627
	],
	"龙岩": [
		117.02978,
		25.091603
	],
	"宁德": [
		119.527082,
		26.65924
	],
	"兰州": [
		103.823557,
		36.058039
	],
	"嘉峪关": [
		98.277304,
		39.786529
	],
	"金昌": [
		102.187888,
		38.514238
	],
	"白银": [
		104.173606,
		36.54568
	],
	"天水": [
		105.724998,
		34.578529
	],
	"武威": [
		102.634697,
		37.929996
	],
	"张掖": [
		100.455472,
		38.932897
	],
	"平凉": [
		106.684691,
		35.54279
	],
	"酒泉": [
		98.510795,
		39.744023
	],
	"庆阳": [
		107.638372,
		35.734218
	],
	"定西": [
		104.626294,
		35.579578
	],
	"陇南": [
		104.929379,
		33.388598
	],
	"临夏": [
		103.212006,
		35.599446
	],
	"甘南": [
		102.911008,
		34.986354
	],
	"广州": [
		113.280637,
		23.125178
	],
	"韶关": [
		113.591544,
		24.801322
	],
	"深圳": [
		114.085947,
		22.547
	],
	"珠海": [
		113.553986,
		22.224979
	],
	"汕头": [
		116.708463,
		23.37102
	],
	"佛山": [
		113.122717,
		23.028762
	],
	"江门": [
		113.094942,
		22.590431
	],
	"湛江": [
		110.364977,
		21.274898
	],
	"茂名": [
		110.919229,
		21.659751
	],
	"肇庆": [
		112.472529,
		23.051546
	],
	"惠州": [
		114.412599,
		23.079404
	],
	"梅州": [
		116.117582,
		24.299112
	],
	"汕尾": [
		115.364238,
		22.774485
	],
	"河源": [
		114.697802,
		23.746266
	],
	"阳江": [
		111.975107,
		21.859222
	],
	"清远": [
		113.051227,
		23.685022
	],
	"东莞": [
		113.746262,
		23.046237
	],
	"中山": [
		113.382391,
		22.521113
	],
	"潮州": [
		116.632301,
		23.661701
	],
	"揭阳": [
		116.355733,
		23.543778
	],
	"云浮": [
		112.044439,
		22.929801
	],
	"南宁": [
		108.320004,
		22.82402
	],
	"柳州": [
		109.411703,
		24.314617
	],
	"桂林": [
		110.299121,
		25.274215
	],
	"梧州": [
		111.297604,
		23.474803
	],
	"北海": [
		109.119254,
		21.473343
	],
	"防城港": [
		108.345478,
		21.614631
	],
	"钦州": [
		108.624175,
		21.967127
	],
	"贵港": [
		109.602146,
		23.0936
	],
	"玉林": [
		110.154393,
		22.63136
	],
	"百色": [
		106.616285,
		23.897742
	],
	"贺州": [
		111.552056,
		24.414141
	],
	"河池": [
		108.062105,
		24.695899
	],
	"来宾": [
		109.229772,
		23.733766
	],
	"崇左": [
		107.353926,
		22.404108
	],
	"贵阳": [
		106.713478,
		26.578343
	],
	"六盘水": [
		104.846743,
		26.584643
	],
	"遵义": [
		106.937265,
		27.706626
	],
	"安顺": [
		105.932188,
		26.245544
	],
	"铜仁": [
		109.191555,
		27.718346
	],
	"黔西南": [
		104.897971,
		25.08812
	],
	"毕节": [
		105.28501,
		27.301693
	],
	"黔东南": [
		107.977488,
		26.583352
	],
	"黔南": [
		107.517156,
		26.258219
	],
	"海口": [
		110.33119,
		20.031971
	],
	"三亚": [
		109.508268,
		18.247872
	],
	"五指山": [
		109.516662,
		18.776921
	],
	"琼海": [
		110.466785,
		19.246011
	],
	"儋州": [
		109.576782,
		19.517486
	],
	"文昌": [
		110.753975,
		19.612986
	],
	"万宁": [
		110.388793,
		18.796216
	],
	"东方": [
		108.653789,
		19.10198
	],
	"定安县": [
		110.349235,
		19.684966
	],
	"屯昌县": [
		110.102773,
		19.362916
	],
	"澄迈县": [
		110.007147,
		19.737095
	],
	"临高县": [
		109.687697,
		19.908293
	],
	"白沙": [
		109.452606,
		19.224584
	],
	"昌江": [
		109.053351,
		19.260968
	],
	"乐东": [
		109.175444,
		18.74758
	],
	"陵水": [
		110.037218,
		18.505006
	],
	"保亭": [
		109.70245,
		18.636371
	],
	"琼中": [
		109.839996,
		19.03557
	],
	"石家庄": [
		114.502461,
		38.045474
	],
	"唐山": [
		118.175393,
		39.635113
	],
	"秦皇岛": [
		119.586579,
		39.942531
	],
	"邯郸": [
		114.490686,
		36.612273
	],
	"邢台": [
		114.508851,
		37.0682
	],
	"保定": [
		115.482331,
		38.867657
	],
	"张家口": [
		114.884091,
		40.811901
	],
	"承德": [
		117.939152,
		40.976204
	],
	"沧州": [
		116.857461,
		38.310582
	],
	"廊坊": [
		116.704441,
		39.523927
	],
	"衡水": [
		115.665993,
		37.735097
	],
	"哈尔滨": [
		126.642464,
		45.756967
	],
	"齐齐哈尔": [
		123.95792,
		47.342081
	],
	"鸡西": [
		130.975966,
		45.300046
	],
	"鹤岗": [
		130.277487,
		47.332085
	],
	"双鸭山": [
		131.157304,
		46.643442
	],
	"大庆": [
		125.11272,
		46.590734
	],
	"伊春": [
		128.899396,
		47.724775
	],
	"佳木斯": [
		130.361634,
		46.809606
	],
	"七台河": [
		131.015584,
		45.771266
	],
	"牡丹江": [
		129.618602,
		44.582962
	],
	"黑河": [
		127.499023,
		50.249585
	],
	"绥化": [
		126.99293,
		46.637393
	],
	"大兴安岭": [
		124.711526,
		52.335262
	],
	"郑州": [
		113.665412,
		34.757975
	],
	"开封": [
		114.341447,
		34.797049
	],
	"洛阳": [
		112.434468,
		34.663041
	],
	"平顶山": [
		113.307718,
		33.735241
	],
	"安阳": [
		114.352482,
		36.103442
	],
	"鹤壁": [
		114.295444,
		35.748236
	],
	"新乡": [
		113.883991,
		35.302616
	],
	"焦作": [
		113.238266,
		35.23904
	],
	"濮阳": [
		115.041299,
		35.768234
	],
	"许昌": [
		113.826063,
		34.022956
	],
	"漯河": [
		114.026405,
		33.575855
	],
	"三门峡": [
		111.194099,
		34.777338
	],
	"南阳": [
		112.540918,
		32.999082
	],
	"商丘": [
		115.650497,
		34.437054
	],
	"信阳": [
		114.075031,
		32.123274
	],
	"周口": [
		114.649653,
		33.620357
	],
	"驻马店": [
		114.024736,
		32.980169
	],
	"济源": [
		112.590047,
		35.090378
	],
	"武汉": [
		114.298572,
		30.584355
	],
	"黄石": [
		115.077048,
		30.220074
	],
	"十堰": [
		110.787916,
		32.646907
	],
	"宜昌": [
		111.290843,
		30.702636
	],
	"襄阳": [
		112.144146,
		32.042426
	],
	"鄂州": [
		114.890593,
		30.396536
	],
	"荆门": [
		112.204251,
		31.03542
	],
	"孝感": [
		113.926655,
		30.926423
	],
	"荆州": [
		112.23813,
		30.326857
	],
	"黄冈": [
		114.879365,
		30.447711
	],
	"咸宁": [
		114.328963,
		29.832798
	],